Workbook

Sheet Nucleos
A1: Empresa | B1: Setor | C1: Serviço | D1: Nome Setor | E1: Nome Contrato | F1: Nucleo | G1: Regional | H1: CodEmpresa | I1: Chave | J1: EmpresaOPTZ
A2: OPÇAO | B2: CBA | C2: FRETAMENTO | D2: CBA ALUMINIO (SCB) | E2: SCB_CBA [ALUMINIO] | F2: SOROCABA | G2: SPO | H2: 9 | I2: =SetorNucleo[[#This Row],[Empresa]]&SetorNucleo[[#This Row],[Setor]] -> OPÇAOCBA | J2: OPÇ
A3: OPÇAO | B3: CVV | C3: FRETAMENTO | D3: CONSORCIO VALE VERDE (BHZ) | E3: BHZ_CONSTRUTORA VALE VERDE [BARÃO DE COCAIS] | F3: BELO HORIZONTE | G3: SPO | H3: 9 | I3: =SetorNucleo[[#This Row],[Empresa]]&SetorNucleo[[#This Row],[Setor]] -> OPÇAOCVV | J3: OPÇ
A4: COMETA | B4: AQA | C4: RODOVIARIO | D4: ARARAQUARA | F4: INTERIOR SP | G4: SPO | H4: 3 | I4: =SetorNucleo[[#This Row],[Empresa]]&SetorNucleo[[#This Row],[Setor]] -> COMETAAQA | J4: COM
A5: AV1001 URB | B5: ARA | C5: URBANO | D5: ARARUAMA - URBANO | F5: MARUI | G5: RIO | H5: AV1001 URB | I5: =SetorNucleo[[#This Row],[Empresa]]&SetorNucleo[[#This Row],[Setor]] -> AV1001 URBARA | J5: 1001_URB
A6: COMETA | B6: JDG | C6: FRETAMENTO | D6: GLOBAL TECH (JDI) | E6: CPN_AMBEV GLOBAL [CAMPINAS] | F6: JUNDIAÍ | G6: SPO | H6: 3 | I6: =SetorNucleo[[#This Row],[Empresa]]&SetorNucleo[[#This Row],[Setor]] -> COMETAJDG | J6: COM
A7: COMETA | B7: BHI | C7: INTERMITENTE | D7: BELO HORIZONTE | F7: BELO HORIZONTE | G7: SPO | H7: 5 | I7: =SetorNucleo[[#This Row],[Empresa]]&SetorNucleo[[#This Row],[Setor]] -> COMETABHI | J7: COM
A8: COMETA | B8: BHW | C8: RODOVIARIO | D8: BELO HORIZONTE | F8: BELO HORIZONTE | G8: SPO | H8: 3 | I8: =SetorNucleo[[#This Row],[Empresa]]&SetorNucleo[[#This Row],[Setor]] -> COMETABHW | J8: COM
A9: COMETA | B9: BHZ | C9: RODOVIARIO | D9: BELO HORIZONTE | F9: BELO HORIZONTE | G9: SPO | H9: 3 | I9: =SetorNucleo[[#This Row],[Empresa]]&SetorNucleo[[#This Row],[Setor]] -> COMETABHZ | J9: COM
A10: COMETA | B10: PEG | C10: FRETAMENTO | D10: PEPSICO GUARULHOS (SAO) | E10: SAO_PEPSICO [GUARULHOS] | F10: SAO PAULO G1 | G10: SPO | H10: 3 | I10: =SetorNucleo[[#This Row],[Empresa]]&SetorNucleo[[#This Row],[Setor]] -> COMETAPEG | J10: COM
A11: CATARINENSE | B11: BNI | C11: INTERMITENTE | D11: BLUMENAU | F11: BLUMENAU | G11: SUL | H11: 7 | I11: =SetorNucleo[[#This Row],[Empresa]]&SetorNucleo[[#This Row],[Setor]] -> CATARINENSEBNI | J11: AVC
A12: CATARINENSE | B12: BNU | C12: RODOVIARIO | D12: BLUMENAU | F12: BLUMENAU | G12: SUL | H12: 1 | I12: =SetorNucleo[[#This Row],[Empresa]]&SetorNucleo[[#This Row],[Setor]] -> CATARINENSEBNU | J12: AVC
A13: CATARINENSE | B13: BRQ | C13: RODOVIARIO | D13: BRUSQUE | F13: BLUMENAU | G13: SUL | H13: 1 | I13: =SetorNucleo[[#This Row],[Empresa]]&SetorNucleo[[#This Row],[Setor]] -> CATARINENSEBRQ | J13: AVC
A14: COMETA | B14: PEI | C14: FRETAMENTO | D14: PEPSICO ITAQUERA (SAO) | E14: SAO_PEPSICO [ITAQUERA] | F14: SAO PAULO G1 | G14: SPO | H14: 3 | I14: =SetorNucleo[[#This Row],[Empresa]]&SetorNucleo[[#This Row],[Setor]] -> COMETAPEI | J14: COM
A15: AV1001 | B15: CBF | C15: RODOVIARIO | D15: CABO FRIO | F15: CABO FRIO | G15: RIO | H15: 4 | I15: =SetorNucleo[[#This Row],[Empresa]]&SetorNucleo[[#This Row],[Setor]] -> AV1001CBF | J15: 1001
A16: AV1001 | B16: CBI | C16: INTERMITENTE | D16: CABO FRIO | F16: CABO FRIO | G16: RIO | H16: 6 | I16: =SetorNucleo[[#This Row],[Empresa]]&SetorNucleo[[#This Row],[Setor]] -> AV1001CBI | J16: 1001
A17: CATARINENSE | B17: CCD | C17: RODOVIARIO | D17: CONCORDIA | F17: FLORIANOPOLIS | G17: SUL | H17: 1 | I17: =SetorNucleo[[#This Row],[Empresa]]&SetorNucleo[[#This Row],[Setor]] -> CATARINENSECCD | J17: AVC
A18: COMETA | B18: SCF | C18: FRETAMENTO | D18: ATECAR - SOROCABA | E18: SCB_ATECAR | F18: SOROCABA | G18: SPO | H18: 3 | I18: =SetorNucleo[[#This Row],[Empresa]]&SetorNucleo[[#This Row],[Setor]] -> COMETASCF | J18: COM
A19: OPÇAO | B19: SCG | C19: FRETAMENTO | D19: SOROCABA - GLOBAL (CPN) | F19: SOROCABA | G19: SPO | H19: 9 | I19: =SetorNucleo[[#This Row],[Empresa]]&SetorNucleo[[#This Row],[Setor]] -> OPÇAOSCG | J19: OPÇ
A20: OPÇAO | B20: SCB | C20: FRETAMENTO | D20: VOTORANTIM (SCB) | E20: SCB_VOTORANTIM [VOTORANTIM] | F20: SOROCABA | G20: SPO | H20: 9 | I20: =SetorNucleo[[#This Row],[Empresa]]&SetorNucleo[[#This Row],[Setor]] -> OPÇAOSCB | J20: OPÇ
A21: OPÇAO | B21: SCV | C21: FRETAMENTO | D21: VOTORANTIM - SALTO (SCB) | E21: SCB_VOTORANTIM [SALTO] | F21: SOROCABA | G21: SPO | H21: 9 | I21: =SetorNucleo[[#This Row],[Empresa]]&SetorNucleo[[#This Row],[Setor]] -> OPÇAOSCV | J21: OPÇ
A22: COMETA | B22: SPF | C22: FRETAMENTO | D22: ATECAR - SAO PAULO | E22: SAO_ATECAR | F22: SAO PAULO G1 | G22: SPO | H22: 3 | I22: =SetorNucleo[[#This Row],[Empresa]]&SetorNucleo[[#This Row],[Setor]] -> COMETASPF | J22: COM
A23: AV1001 | B23: AGR | C23: FRETAMENTO | D23: AGUAS DO RIO (RJO) | E23: RJO_AGUAS DO RIO [RIO] | F23: RIO DE JANEIRO | G23: RIO | H23: 4 | I23: =SetorNucleo[[#This Row],[Empresa]]&SetorNucleo[[#This Row],[Setor]] -> AV1001AGR | J23: 1001
A24: AV1001 | B24: AKR | C24: FRETAMENTO | D24: AKER SLS (MAC) | E24: MAC_AKER SLS [MACAE] | F24: MACAE | G24: RIO | H24: 4 | I24: =SetorNucleo[[#This Row],[Empresa]]&SetorNucleo[[#This Row],[Setor]] -> AV1001AKR | J24: 1001
A25: COMETA | B25: ALM | C25: FRETAMENTO | D25: CBA ALUMINIO | F25: SOROCABA | G25: SPO | H25: 3 | I25: =SetorNucleo[[#This Row],[Empresa]]&SetorNucleo[[#This Row],[Setor]] -> COMETAALM | J25: COM
A26: CATARINENSE | B26: ANG | C26: FRETAMENTO | D26: ANGELONI (ITJ) | E26: JOI_ANGELONI [PORTO BELO] | F26: BLUMENAU | G26: SUL | H26: 1 | I26: =SetorNucleo[[#This Row],[Empresa]]&SetorNucleo[[#This Row],[Setor]] -> CATARINENSEANG | J26: AVC
A27: COMETA | B27: CPI | C27: INTERMITENTE | D27: CAMPINAS - INTERMITENTE | E27: CAMPINAS INTERMITENTE | F27: CAMPINAS | G27: SPO | H27: 5 | I27: =SetorNucleo[[#This Row],[Empresa]]&SetorNucleo[[#This Row],[Setor]] -> COMETACPI | J27: COM
A28: COMETA | B28: BHF | C28: FRETAMENTO | D28: FRANZEN (BHZ) | E28: BHZ_FRANZEN [CONTAGEM] | F28: BELO HORIZONTE | G28: SPO | H28: 3 | I28: =SetorNucleo[[#This Row],[Empresa]]&SetorNucleo[[#This Row],[Setor]] -> COMETABHF | J28: COM
A29: COMETA | B29: CPN | C29: RODOVIARIO | D29: CAMPINAS | F29: CAMPINAS | G29: SPO | H29: 3 | I29: =SetorNucleo[[#This Row],[Empresa]]&SetorNucleo[[#This Row],[Setor]] -> COMETACPN | J29: COM
A30: CATARINENSE | B30: CPN | C30: RODOVIARIO | D30: CAMPINAS | F30: CAMPINAS | G30: SPO | H30: 1 | I30: =SetorNucleo[[#This Row],[Empresa]]&SetorNucleo[[#This Row],[Setor]] -> CATARINENSECPN | J30: AVC
A31: AV1001 | B31: CPS | C31: RODOVIARIO | D31: CAMPOS | F31: CAMPOS | G31: RIO | H31: 4 | I31: =SetorNucleo[[#This Row],[Empresa]]&SetorNucleo[[#This Row],[Setor]] -> AV1001CPS | J31: 1001
A32: AV1001 | B32: CPU | C32: URBANO | D32: CAMPOS - URBANO | F32: CAMPOS | G32: RIO | H32: 4 | I32: =SetorNucleo[[#This Row],[Empresa]]&SetorNucleo[[#This Row],[Setor]] -> AV1001CPU | J32: 1001
A33: CATARINENSE | B33: CTB | C33: RODOVIARIO | D33: CURITIBA | F33: CURITIBA | G33: SUL | H33: 1 | I33: =SetorNucleo[[#This Row],[Empresa]]&SetorNucleo[[#This Row],[Setor]] -> CATARINENSECTB | J33: AVC
A34: COMETA | B34: CTB | C34: RODOVIARIO | D34: CURITIBA | F34: CURITIBA | G34: SUL | H34: 3 | I34: =SetorNucleo[[#This Row],[Empresa]]&SetorNucleo[[#This Row],[Setor]] -> COMETACTB | J34: COM
A35: EXPRESSO DO SUL | B35: CTB | C35: RODOVIARIO | D35: CURITIBA | F35: CURITIBA | G35: SUL | H35: 2 | I35: =SetorNucleo[[#This Row],[Empresa]]&SetorNucleo[[#This Row],[Setor]] -> EXPRESSO DO SULCTB | J35: EXP
A36: CATARINENSE | B36: BMW | C36: FRETAMENTO | D36: BMW (JOI) | E36: JOI_BMW [ARAQUARI] | F36: JOINVILLE | G36: SUL | H36: 1 | I36: =SetorNucleo[[#This Row],[Empresa]]&SetorNucleo[[#This Row],[Setor]] -> CATARINENSEBMW | J36: AVC
A37: COMETA | B37: CAM | C37: FRETAMENTO | D37: AMBEV (CPN) | E37: CPN_AMBEV CERVEJARIA [JAGUARIUNA] | F37: CAMPINAS | G37: SPO | H37: 3 | I37: =SetorNucleo[[#This Row],[Empresa]]&SetorNucleo[[#This Row],[Setor]] -> COMETACAM | J37: COM
A38: CATARINENSE | B38: CTI | C38: INTERMITENTE | D38: CURITIBA | F38: CURITIBA | G38: SUL | H38: 7 | I38: =SetorNucleo[[#This Row],[Empresa]]&SetorNucleo[[#This Row],[Setor]] -> CATARINENSECTI | J38: AVC
A39: COMETA | B39: CTI | C39: INTERMITENTE | D39: CURITIBA | F39: CURITIBA | G39: SUL | H39: 5 | I39: =SetorNucleo[[#This Row],[Empresa]]&SetorNucleo[[#This Row],[Setor]] -> COMETACTI | J39: COM
A40: COMETA | B40: CCN | C40: FRETAMENTO | D40: CNPEM (CPN) | E40: CPN_CNPEM | F40: CAMPINAS | G40: SPO | H40: 3 | I40: =SetorNucleo[[#This Row],[Empresa]]&SetorNucleo[[#This Row],[Setor]] -> COMETACCN | J40: COM
A41: EXPRESSO DO SUL | B41: CTW | C41: RODOVIARIO | D41: CURITIBA | F41: CURITIBA | G41: SUL | H41: 2 | I41: =SetorNucleo[[#This Row],[Empresa]]&SetorNucleo[[#This Row],[Setor]] -> EXPRESSO DO SULCTW | J41: EXP
A42: CATARINENSE | B42: CVI | C42: INTERMITENTE | D42: CASCAVEL | F42: FOZ DO IGUAÇU | G42: SUL | H42: 7 | I42: =SetorNucleo[[#This Row],[Empresa]]&SetorNucleo[[#This Row],[Setor]] -> CATARINENSECVI | J42: AVC
A43: CATARINENSE | B43: CVL | C43: RODOVIARIO | D43: CASCAVEL | F43: FOZ DO IGUAÇU | G43: SUL | H43: 1 | I43: =SetorNucleo[[#This Row],[Empresa]]&SetorNucleo[[#This Row],[Setor]] -> CATARINENSECVL | J43: AVC
A44: AV1001 | B44: CDR | C44: FRETAMENTO | D44: CONDOR (RJO) | E44: RJO_CONDOR [RIO] | F44: RIO DE JANEIRO | G44: RIO | H44: 4 | I44: =SetorNucleo[[#This Row],[Empresa]]&SetorNucleo[[#This Row],[Setor]] -> AV1001CDR | J44: 1001
A45: AV1001 | B45: CEB | C45: FRETAMENTO | D45: CENTRAL BRASILEIRA DE INFRAESTRUTURA | E45: RJO_CBI [COMPERJ] | F45: RIO DE JANEIRO | G45: RIO | H45: 4 | I45: =SetorNucleo[[#This Row],[Empresa]]&SetorNucleo[[#This Row],[Setor]] -> AV1001CEB | J45: 1001
A46: COMETA | B46: CXB | C46: RODOVIARIO | D46: CAXAMBU | F46: SAO PAULO G1 | G46: SPO | H46: 3 | I46: =SetorNucleo[[#This Row],[Empresa]]&SetorNucleo[[#This Row],[Setor]] -> COMETACXB | J46: COM
A47: AV1001 | B47: CEN | C47: FRETAMENTO | D47: PETROBRAS CENPES (RJO) | E47: RJO_PETROBRAS [CENPES] | F47: RIO DE JANEIRO | G47: RIO | H47: 4 | I47: =SetorNucleo[[#This Row],[Empresa]]&SetorNucleo[[#This Row],[Setor]] -> AV1001CEN | J47: 1001
A48: COMETA | B48: CIL | C48: FRETAMENTO | D48: CAMPINAS | E48: CPN_ILUM | F48: CAMPINAS | G48: SPO | H48: 3 | I48: =SetorNucleo[[#This Row],[Empresa]]&SetorNucleo[[#This Row],[Setor]] -> COMETACIL | J48: COM
A49: CATARINENSE | B49: ENS | C49: RODOVIARIO | D49: ENSEADA | F49: FLORIANOPOLIS | G49: SUL | H49: 1 | I49: =SetorNucleo[[#This Row],[Empresa]]&SetorNucleo[[#This Row],[Setor]] -> CATARINENSEENS | J49: AVC
A50: COMETA | B50: CMM | C50: FRETAMENTO | D50: CONSORCIO MINAS MAIS (BHZ) | E50: BHZ_CMM [BARAO DE COCAIS] | F50: BELO HORIZONTE | G50: SPO | H50: 3 | I50: =SetorNucleo[[#This Row],[Empresa]]&SetorNucleo[[#This Row],[Setor]] -> COMETACMM | J50: COM
A51: AV1001 | B51: FBU | C51: RODOVIARIO | D51: FRIBURGO | F51: FRIBURGO | G51: RIO | H51: 4 | I51: =SetorNucleo[[#This Row],[Empresa]]&SetorNucleo[[#This Row],[Setor]] -> AV1001FBU | J51: 1001
A52: AV1001 URB | B52: FBU | C52: URBANO | D52: FRIBURGO - URBANO | F52: FRIBURGO | G52: RIO | H52: AV1001 URB | I52: =SetorNucleo[[#This Row],[Empresa]]&SetorNucleo[[#This Row],[Setor]] -> AV1001 URBFBU | J52: 1001_URB
A53: CATARINENSE | B53: FLI | C53: INTERMITENTE | D53: FLORIANOPOLIS | F53: FLORIANOPOLIS | G53: SUL | H53: 7 | I53: =SetorNucleo[[#This Row],[Empresa]]&SetorNucleo[[#This Row],[Setor]] -> CATARINENSEFLI | J53: AVC
A54: AV1001 | B54: FLN | C54: RODOVIARIO | D54: FLORIANOPOLIS | F54: FLORIANOPOLIS | G54: SUL | H54: 4 | I54: =SetorNucleo[[#This Row],[Empresa]]&SetorNucleo[[#This Row],[Setor]] -> AV1001FLN | J54: 1001
A55: CATARINENSE | B55: FLN | C55: RODOVIARIO | D55: FLORIANOPOLIS | F55: FLORIANOPOLIS | G55: SUL | H55: 1 | I55: =SetorNucleo[[#This Row],[Empresa]]&SetorNucleo[[#This Row],[Setor]] -> CATARINENSEFLN | J55: AVC
A56: EXPRESSO DO SUL | B56: FLO | C56: RODOVIARIO | D56: FLORIANOPOLIS | F56: FLORIANOPOLIS | G56: SPO | H56: 2 | I56: =SetorNucleo[[#This Row],[Empresa]]&SetorNucleo[[#This Row],[Setor]] -> EXPRESSO DO SULFLO | J56: EXP
A57: COMETA | B57: CPA | C57: FRETAMENTO | D57: ATECAR (CPN) | E57: CPN_ATECAR | F57: CAMPINAS | G57: SPO | H57: 3 | I57: =SetorNucleo[[#This Row],[Empresa]]&SetorNucleo[[#This Row],[Setor]] -> COMETACPA | J57: COM
A58: CATARINENSE | B58: FOZ | C58: RODOVIARIO | D58: FOZ DO IGUAÇU | F58: FOZ DO IGUAÇU | G58: SUL | H58: 1 | I58: =SetorNucleo[[#This Row],[Empresa]]&SetorNucleo[[#This Row],[Setor]] -> CATARINENSEFOZ | J58: AVC
A59: AV1001 | B59: FRB | C59: RODOVIARIO | D59: FRIBURGO | F59: FRIBURGO | G59: RIO | H59: 4 | I59: =SetorNucleo[[#This Row],[Empresa]]&SetorNucleo[[#This Row],[Setor]] -> AV1001FRB | J59: 1001
A60: COMETA | B60: FRC | C60: RODOVIARIO | D60: FRANCA | F60: INTERIOR SP | G60: SPO | H60: 3 | I60: =SetorNucleo[[#This Row],[Empresa]]&SetorNucleo[[#This Row],[Setor]] -> COMETAFRC | J60: COM
A61: AV1001 URB | B61: FRS | C61: URBANO | D61: FRIBURGO - URBANO SELETIVO | F61: FRIBURGO | G61: RIO | H61: AV1001 URB | I61: =SetorNucleo[[#This Row],[Empresa]]&SetorNucleo[[#This Row],[Setor]] -> AV1001 URBFRS | J61: 1001_URB
A62: AV1001 URB | B62: FRU | C62: URBANO | D62: FRIBURGO - URBANO | F62: FRIBURGO | G62: RIO | H62: AV1001 URB | I62: =SetorNucleo[[#This Row],[Empresa]]&SetorNucleo[[#This Row],[Setor]] -> AV1001 URBFRU | J62: 1001_URB
A63: CATARINENSE | B63: FZI | C63: INTERMITENTE | D63: FOZ DO IGUAÇU | F63: FOZ DO IGUAÇU | G63: SUL | H63: 7 | I63: =SetorNucleo[[#This Row],[Empresa]]&SetorNucleo[[#This Row],[Setor]] -> CATARINENSEFZI | J63: AVC
A64: CATARINENSE | B64: G03 | C64: RODOVIARIO | D64: SAO PAULO | F64: SAO PAULO G3 | G64: SPO | H64: 1 | I64: =SetorNucleo[[#This Row],[Empresa]]&SetorNucleo[[#This Row],[Setor]] -> CATARINENSEG03 | J64: AVC
A65: COMETA | B65: G03 | C65: RODOVIARIO | D65: SAO PAULO | F65: SAO PAULO G3 | G65: SPO | H65: 3 | I65: =SetorNucleo[[#This Row],[Empresa]]&SetorNucleo[[#This Row],[Setor]] -> COMETAG03 | J65: COM
A66: EXPRESSO DO SUL | B66: G03 | C66: RODOVIARIO | D66: SAO PAULO | F66: SAO PAULO G3 | G66: SPO | H66: 2 | I66: =SetorNucleo[[#This Row],[Empresa]]&SetorNucleo[[#This Row],[Setor]] -> EXPRESSO DO SULG03 | J66: EXP
A67: EXPRESSO DO SUL | B67: CPE | C67: FRETAMENTO | D67: CAMPINAS | F67: CAMPINAS | G67: SPO | H67: 2 | I67: =SetorNucleo[[#This Row],[Empresa]]&SetorNucleo[[#This Row],[Setor]] -> EXPRESSO DO SULCPE | J67: EXP
A68: COMETA | B68: GER | C68: RODOVIARIO | D68: SERVIÇO EXTRAS GERAL COMETA | F68: SAO PAULO G1 | G68: SPO | H68: 3 | I68: =SetorNucleo[[#This Row],[Empresa]]&SetorNucleo[[#This Row],[Setor]] -> COMETAGER | J68: COM
A69: CATARINENSE | B69: GRP | C69: RODOVIARIO | D69: GUARAPUAVA | F69: CURITIBA | G69: SUL | H69: 1 | I69: =SetorNucleo[[#This Row],[Empresa]]&SetorNucleo[[#This Row],[Setor]] -> CATARINENSEGRP | J69: AVC
A70: CATARINENSE | B70: IBT | C70: RODOVIARIO | D70: IMBITUBA | F70: FLORIANOPOLIS | G70: SUL | H70: 1 | I70: =SetorNucleo[[#This Row],[Empresa]]&SetorNucleo[[#This Row],[Setor]] -> CATARINENSEIBT | J70: AVC
A71: AV1001 | B71: CPF | C71: FRETAMENTO | D71: CAMPOS | F71: CAMPOS | G71: RIO | H71: 4 | I71: =SetorNucleo[[#This Row],[Empresa]]&SetorNucleo[[#This Row],[Setor]] -> AV1001CPF | J71: 1001
A72: AV1001 | B72: INSTRUTOR | C72: INSTRUTOR | D72: INSTRUTOR | E72: INSTRUTOR | F72: INSTRUTOR | G72: RIO | H72: 4 | I72: =SetorNucleo[[#This Row],[Empresa]]&SetorNucleo[[#This Row],[Setor]] -> AV1001INSTRUTOR | J72: 1001
A73: AV1001 URB | B73: INSTRUTOR | C73: INSTRUTOR | D73: INSTRUTOR | E73: INSTRUTOR | F73: INSTRUTOR | G73: RIO | H73: AV1001 URB | I73: =SetorNucleo[[#This Row],[Empresa]]&SetorNucleo[[#This Row],[Setor]] -> AV1001 URBINSTRUTOR | J73: 1001_URB
A74: CATARINENSE | B74: INSTRUTOR | C74: INSTRUTOR | D74: INSTRUTOR | E74: INSTRUTOR | F74: INSTRUTOR | G74: SUL | H74: 1 | I74: =SetorNucleo[[#This Row],[Empresa]]&SetorNucleo[[#This Row],[Setor]] -> CATARINENSEINSTRUTOR | J74: AVC
A75: COMETA | B75: INSTRUTOR | C75: INSTRUTOR | D75: INSTRUTOR | E75: INSTRUTOR | F75: INSTRUTOR | G75: SPO | H75: 3 | I75: =SetorNucleo[[#This Row],[Empresa]]&SetorNucleo[[#This Row],[Setor]] -> COMETAINSTRUTOR | J75: COM
A76: EXPRESSO DO SUL | B76: INSTRUTOR | C76: INSTRUTOR | D76: INSTRUTOR | E76: INSTRUTOR | F76: INSTRUTOR | G76: SPO | H76: 2 | I76: =SetorNucleo[[#This Row],[Empresa]]&SetorNucleo[[#This Row],[Setor]] -> EXPRESSO DO SULINSTRUTOR | J76: EXP
A77: MACAENSE | B77: INSTRUTOR | C77: INSTRUTOR | D77: INSTRUTOR | E77: INSTRUTOR | F77: INSTRUTOR | G77: RIO | H77: MACAENSE | I77: =SetorNucleo[[#This Row],[Empresa]]&SetorNucleo[[#This Row],[Setor]] -> MACAENSEINSTRUTOR | J77: MCS
A78: OPÇAO | B78: INSTRUTOR | C78: INSTRUTOR | D78: INSTRUTOR | E78: INSTRUTOR | F78: INSTRUTOR | G78: SPO | H78: 9 | I78: =SetorNucleo[[#This Row],[Empresa]]&SetorNucleo[[#This Row],[Setor]] -> OPÇAOINSTRUTOR | J78: OPÇ
A79: OPÇAO - SOROCABA | B79: INSTRUTOR | C79: INSTRUTOR | D79: INSTRUTOR | E79: INSTRUTOR | F79: INSTRUTOR | G79: SPO | H79: 9 | I79: =SetorNucleo[[#This Row],[Empresa]]&SetorNucleo[[#This Row],[Setor]] -> OPÇAO - SOROCABAINSTRUTOR | J79: OPÇ
A80: RAPIDO RIBEIRAO | B80: INSTRUTOR | C80: INSTRUTOR | D80: INSTRUTOR | E80: INSTRUTOR | F80: INSTRUTOR | G80: SPO | H80: 27 | I80: =SetorNucleo[[#This Row],[Empresa]]&SetorNucleo[[#This Row],[Setor]] -> RAPIDO RIBEIRAOINSTRUTOR | J80: RRP
A81: SIT | B81: INSTRUTOR | C81: INSTRUTOR | D81: INSTRUTOR | E81: INSTRUTOR | F81: INSTRUTOR | G81: RIO | H81: SIT | I81: =SetorNucleo[[#This Row],[Empresa]]&SetorNucleo[[#This Row],[Setor]] -> SITINSTRUTOR | J81: SIT
A82: AV1001 | B82: ITA | C82: RODOVIARIO | D82: ITAPERUNA | F82: ITAPERUNA | G82: RIO | H82: 4 | I82: =SetorNucleo[[#This Row],[Empresa]]&SetorNucleo[[#This Row],[Setor]] -> AV1001ITA | J82: 1001
A83: COMETA | B83: CPF | C83: FRETAMENTO | D83: CAMPINAS | E83: CPN_ATECAR [CAMPINAS] | F83: CAMPINAS | G83: SPO | H83: 3 | I83: =SetorNucleo[[#This Row],[Empresa]]&SetorNucleo[[#This Row],[Setor]] -> COMETACPF | J83: COM
A84: COMETA | B84: CPG | C84: FRETAMENTO | D84: GLOBAL TECH (CPN) | E84: CPN_AMBEV GLOBAL | F84: CAMPINAS | G84: SPO | H84: 3 | I84: =SetorNucleo[[#This Row],[Empresa]]&SetorNucleo[[#This Row],[Setor]] -> COMETACPG | J84: COM
A85: AV1001 | B85: ITI | C85: INTERMITENTE | D85: ITAPERUNA | F85: ITAPERUNA | G85: RIO | H85: 6 | I85: =SetorNucleo[[#This Row],[Empresa]]&SetorNucleo[[#This Row],[Setor]] -> AV1001ITI | J85: 1001
A86: CATARINENSE | B86: ITI | C86: INTERMITENTE | D86: ITAJAI | F86: BLUMENAU | G86: SUL | H86: 7 | I86: =SetorNucleo[[#This Row],[Empresa]]&SetorNucleo[[#This Row],[Setor]] -> CATARINENSEITI | J86: AVC
A87: CATARINENSE | B87: ITJ | C87: RODOVIARIO | D87: ITAJAI | F87: BLUMENAU | G87: SUL | H87: 1 | I87: =SetorNucleo[[#This Row],[Empresa]]&SetorNucleo[[#This Row],[Setor]] -> CATARINENSEITJ | J87: AVC
A88: COMETA | B88: CPJ | C88: FRETAMENTO | D88: CAMPINAS AMBEV JUNDIAÍ | E88: CPN_AMBEV [JDI] | F88: CAMPINAS | G88: SPO | H88: 3 | I88: =SetorNucleo[[#This Row],[Empresa]]&SetorNucleo[[#This Row],[Setor]] -> COMETACPJ | J88: COM
A89: COMETA | B89: ITP | C89: RODOVIARIO | D89: ITAPETININGA | F89: SOROCABA | G89: SPO | H89: 3 | I89: =SetorNucleo[[#This Row],[Empresa]]&SetorNucleo[[#This Row],[Setor]] -> COMETAITP | J89: COM
A90: CATARINENSE | B90: CTF | C90: FRETAMENTO | D90: CURITIBA | F90: CURITIBA | G90: SUL | H90: 1 | I90: =SetorNucleo[[#This Row],[Empresa]]&SetorNucleo[[#This Row],[Setor]] -> CATARINENSECTF | J90: AVC
A91: COMETA | B91: CTF | C91: FRETAMENTO | D91: VOLKSWAGEN (SJP) | E91: CTB_VOLKSWAGEN [SJP] | F91: CURITIBA | G91: SUL | H91: 3 | I91: =SetorNucleo[[#This Row],[Empresa]]&SetorNucleo[[#This Row],[Setor]] -> COMETACTF | J91: COM
A92: COMETA | B92: JDF | C92: RODOVIARIO | D92: JUIZ DE FORA | F92: JUIZ DE FORA | G92: SPO | H92: 3 | I92: =SetorNucleo[[#This Row],[Empresa]]&SetorNucleo[[#This Row],[Setor]] -> COMETAJDF | J92: COM
A93: CATARINENSE | B93: CTP | C93: FRETAMENTO | D93: PEPSICO (CTB) | E93: JOI_VOLVO DICAVE [ARAQUARI] | F93: CURITIBA | G93: SUL | H93: 1 | I93: =SetorNucleo[[#This Row],[Empresa]]&SetorNucleo[[#This Row],[Setor]] -> CATARINENSECTP | J93: AVC
A94: COMETA | B94: JDI | C94: RODOVIARIO | D94: JUNDIAI | F94: JUNDIAÍ | G94: SPO | H94: 3 | I94: =SetorNucleo[[#This Row],[Empresa]]&SetorNucleo[[#This Row],[Setor]] -> COMETAJDI | J94: COM
A95: COMETA | B95: CYP | C95: FRETAMENTO | D95: YPE AMPARO (CPN) | E95: CPN_YPE QUIMICA [AMPARO] | F95: CAMPINAS | G95: SPO | H95: 3 | I95: =SetorNucleo[[#This Row],[Empresa]]&SetorNucleo[[#This Row],[Setor]] -> COMETACYP | J95: COM
A96: CATARINENSE | B96: JGS | C96: RODOVIARIO | D96: JARAGUA DO SUL | F96: JOINVILLE | G96: SUL | H96: 1 | I96: =SetorNucleo[[#This Row],[Empresa]]&SetorNucleo[[#This Row],[Setor]] -> CATARINENSEJGS | J96: AVC
A97: CATARINENSE | B97: JIN | C97: INTERMITENTE | D97: JARAGUA DO SUL | F97: JOINVILLE | G97: SUL | H97: 7 | I97: =SetorNucleo[[#This Row],[Empresa]]&SetorNucleo[[#This Row],[Setor]] -> CATARINENSEJIN | J97: AVC
A98: CATARINENSE | B98: DCV | C98: FRETAMENTO | D98: DICAVE (JOI) | E98: CTB_PEPSICO [CURITIBA] | F98: JOINVILLE | G98: SUL | H98: 1 | I98: =SetorNucleo[[#This Row],[Empresa]]&SetorNucleo[[#This Row],[Setor]] -> CATARINENSEDCV | J98: AVC
A99: COMETA | B99: EPA | C99: FRETAMENTO | D99: ENGENHARIA PAREX (BHZ) | E99: BHZ_PAREX [ITABIRITO] | F99: BELO HORIZONTE | G99: SPO | H99: 3 | I99: =SetorNucleo[[#This Row],[Empresa]]&SetorNucleo[[#This Row],[Setor]] -> COMETAEPA | J99: COM
A100: CATARINENSE | B100: JOI | C100: RODOVIARIO | D100: JOINVILLE | F100: JOINVILLE | G100: SUL | H100: 1 | I100: =SetorNucleo[[#This Row],[Empresa]]&SetorNucleo[[#This Row],[Setor]] -> CATARINENSEJOI | J100: AVC
...

Sheet Rodoviária
A1: Destino | B1: Setor
A2: ROD_RIBEIRÃO PRETO (SP) | B2: RAO
A3: ROD_CURITIBA (PR) | B3: CTB
A4: ROD_BALNEÁRIO CAMBORIÚ (SC) | B4: ITJ
A5: ROD_AEROPORTO AFONSO PENA (PR) | B5: CTB
A6: ROD_ANDRELÂNDIA (MG) | B6: SAO
A7: ROD_NITERÓI (RJ) | B7: RIO
A8: ROD_FLORIANÓPOLIS (SC) | B8: FLN
A9: ROD_BELO HORIZONTE (MG) | B9: BHZ
A10: ROD_VOLTA REDONDA (RJ) | B10: RIO
A11: ROD_ÁGUAS DA PRATA (SP) [CNX] | B11: SAO
A12: ROD_DUQUE DE CAXIAS (RJ) | B12: RIO
... A98: ROD_SÃO MIGUEL ARCANJO (SP) | B98: SCB

Sheet d_AUX
A1: Localidades | B1: Sigla | C1: Setor | D1: Abrev | E1: Núcleo | F1: Regional
A2: ARARAQUARA - SP | B2: AQA | C2: ARARAQUARA | D2: AQA | E2: =IFERROR(VLOOKUP(Tabela55[[#This Row],[Abrev]],Nucleos!$B$2:$G$199,5,0),"Verificar com o setor") -> INTERIOR SP | F2: SPO
A3: GR_ARARAQUARA (SP) | B3: GRAQA | C3: ARARAQUARA | D3: AQA | E3: =IFERROR(VLOOKUP(Tabela55[[#This Row],[Abrev]],Nucleos!$B$2:$G$199,5,0),"Verificar com o setor") -> INTERIOR SP | F3: SPO
A4: GT_UNIARA (SP) [GTAQA] | B4: GTAQA | C4: ARARAQUARA | D4: AQA | E4: =IFERROR(VLOOKUP(Tabela55[[#This Row],[Abrev]],Nucleos!$B$2:$G$199,5,0),"Verificar com o setor") -> INTERIOR SP | F4: SPO
A5: GT_EMPRESA CRUZ (SP) | B5: GTAQA. | C5: ARARAQUARA | D5: AQA | E5: =IFERROR(VLOOKUP(Tabela55[[#This Row],[Abrev]],Nucleos!$B$2:$G$199,5,0),"Verificar com o setor") -> INTERIOR SP | F5: SPO
A6: GR_BELO HORIZONTE [ABASTECIMENTO] (MG) | B6: GRBHZ_ABT | C6: BELO HORIZONTE | D6: BHZ | E6: =IFERROR(VLOOKUP(Tabela55[[#This Row],[Abrev]],Nucleos!$B$2:$G$199,5,0),"Verificar com o setor") -> BELO HORIZONTE | F6: SPO
A7: BELO HORIZONTE - MG | B7: BHZ | C7: BELO HORIZONTE | D7: BHZ | E7: =IFERROR(VLOOKUP(Tabela55[[#This Row],[Abrev]],Nucleos!$B$2:$G$199,5,0),"Verificar com o setor") -> BELO HORIZONTE | F7: SPO
A8: BELO HORIZONTE (TERMINAL JK) - MG | B8: TJK | C8: BELO HORIZONTE | D8: BHZ | E8: =IFERROR(VLOOKUP(Tabela55[[#This Row],[Abrev]],Nucleos!$B$2:$G$199,5,0),"Verificar com o setor") -> BELO HORIZONTE | F8: SPO
A9: ROD_BETIM (MG) | B9: BTM | C9: BELO HORIZONTE | D9: BHZ | E9: =IFERROR(VLOOKUP(Tabela55[[#This Row],[Abrev]],Nucleos!$B$2:$G$199,5,0),"Verificar com o setor") -> BELO HORIZONTE | F9: SPO
A10: ROD_AEROPORTO PAMPULHA (MG) | B10: APM | C10: BELO HORIZONTE | D10: BHZ | E10: =IFERROR(VLOOKUP(Tabela55[[#This Row],[Abrev]],Nucleos!$B$2:$G$199,5,0),"Verificar com o setor") -> BELO HORIZONTE | F10: SPO
A11: GR_BELO HORIZONTE (MG) | B11: GRBHZ | C11: BELO HORIZONTE | D11: BHZ | E11: =IFERROR(VLOOKUP(Tabela55[[#This Row],[Abrev]],Nucleos!$B$2:$G$199,5,0),"Verificar com o setor") -> BELO HORIZONTE | F11: SPO
A12: ROD_ROYAL HOTEL LOURDES (MG) | B12: BHR | C12: BELO HORIZONTE | D12: BHZ | E12: =IFERROR(VLOOKUP(Tabela55[[#This Row],[Abrev]],Nucleos!$B$2:$G$199,5,0),"Verificar com o setor") -> BELO HORIZONTE | F12: SPO
A13: GT_BLUMENAU [ABASTECEDOR] (SC) | B13: GTBNU_ABA | C13: BLUMENAU | D13: BNU | E13: =IFERROR(VLOOKUP(Tabela55[[#This Row],[Abrev]],Nucleos!$B$2:$G$199,5,0),"Verificar com o setor") -> BLUMENAU | F13: SUL
... A91: FB_PRF CAMPINA GRANDE DO SUL (PR) [KM 56] | B91: FBCGS | C91: CURITIBA | D91: CTB | E91: =IFERROR(VLOOKUP(Tabela55[[#This Row],[Abrev]],Nucleos!$B$2:$G$199,5,0),"Verificar com o setor") -> CURITIBA | F91: SUL
A92: GR_CAXAMBU (MG) | B92: GRCXB | C92: CAXAMBU | D92: CXB | E92: SAO PAULO G1 | F92: SPO
A93: CAXAMBU - MG | B93: CXB | C93: CAXAMBU | D93: CXB | E93: SAO PAULO G1 | F93: SPO
A94: CRUZILIA - MG | B94: CZI | C94: CAXAMBU | D94: CXB | E94: SAO PAULO G1 | F94: SPO
A95: ANDRELANDIA - MG | B95: AND | C95: CAXAMBU | D95: CXB | E95: SAO PAULO G1 | F95: SPO
A96: CONCEICAO DO RIO VERDE - MG | B96: CRV | C96: CAXAMBU | D96: CXB | E96: SAO PAULO G1 | F96: SPO
A97: SAO LOURENCO - MG | B97: SLO | C97: CAXAMBU | D97: CXB | E97: SAO PAULO G1 | F97: SPO
A98: FLORIANOPOLIS - SC | B98: FLN | C98: FLORIANOPOLIS | D98: FLN | E98: =IFERROR(VLOOKUP(Tabela55[[#This Row],[Abrev]],Nucleos!$B$2:$G$199,5,0),"Verificar com o setor") -> FLORIANOPOLIS | F98: SUL
A99: GT_PORTO ALEGRE (RS) [PLANALTO] | B99: GTPAP | C99: PORTO ALEGRE | D99: POA | E99: =IFERROR(VLOOKUP(Tabela55[[#This Row],[Abrev]],Nucleos!$B$2:$G$199,5,0),"Verificar com o setor") -> FLORIANOPOLIS | F99: SUL
A100: PORTO ALEGRE - RS | B100: POA | C100: PORTO ALEGRE | D100: POA | E100: =IFERROR(VLOOKUP(Tabela55[[#This Row],[Abrev]],Nucleos!$B$2:$G$199,5,0),"Verificar com o setor") -> FLORIANOPOLIS | F100: SUL
A101: CRICIUMA - SC | B101: CRM | C101: FLORIANOPOLIS | D101: FLN | E101: =IFERROR(VLOOKUP(Tabela55[[#This Row],[Abrev]],Nucleos!$B$2:$G$199,5,0),"Verificar com o setor") -> FLORIANOPOLIS | F101: SUL
A102: GT_ARARANGUÁ (SC) | B102: GTARG | C102: FLORIANOPOLIS | D102: FLN | E102: =IFERROR(VLOOKUP(Tabela55[[#This Row],[Abrev]],Nucleos!$B$2:$G$199,5,0),"Verificar com o setor") -> FLORIANOPOLIS | F102: SUL
A103: ARARANGUA - SC | B103: ARG | C103: FLORIANOPOLIS | D103: FLN | E103: =IFERROR(VLOOKUP(Tabela55[[#This Row],[Abrev]],Nucleos!$B$2:$G$199,5,0),"Verificar com o setor") -> FLORIANOPOLIS | F103: SUL
A104: GT_SANTA MARIA (RS) | B104: GTSTM | C104: FLORIANOPOLIS | D104: FLN | E104: =IFERROR(VLOOKUP(Tabela55[[#This Row],[Abrev]],Nucleos!$B$2:$G$199,5,0),"Verificar com o setor") -> FLORIANOPOLIS | F104: SUL
A105: SANTA MARIA - RS | B105: STM | C105: FLORIANOPOLIS | D105: FLN | E105: =IFERROR(VLOOKUP(Tabela55[[#This Row],[Abrev]],Nucleos!$B$2:$G$199,5,0),"Verificar com o setor") -> FLORIANOPOLIS | F105: SUL
A106: VIDEIRA - SC | B106: VDR | C106: FLORIANOPOLIS | D106: FLN | E106: =IFERROR(VLOOKUP(Tabela55[[#This Row],[Abrev]],Nucleos!$B$2:$G$199,5,0),"Verificar com o setor") -> FLORIANOPOLIS | F106: SUL
A107: TUBARAO - SC | B107: TUB | C107: FLORIANOPOLIS | D107: FLN | E107: =IFERROR(VLOOKUP(Tabela55[[#This Row],[Abrev]],Nucleos!$B$2:$G$199,5,0),"Verificar com o setor") -> FLORIANOPOLIS | F107: SUL
A108: SÃO JOSÉ (SC) | B108: SJO | C108: FLORIANOPOLIS | D108: FLN | E108: =IFERROR(VLOOKUP(Tabela55[[#This Row],[Abrev]],Nucleos!$B$2:$G$199,5,0),"Verificar com o setor") -> FLORIANOPOLIS | F108: SUL
A109: GT_VIDEIRA (SC) | B109: GTVDR | C109: FLORIANOPOLIS | D109: FLN | E109: =IFERROR(VLOOKUP(Tabela55[[#This Row],[Abrev]],Nucleos!$B$2:$G$199,5,0),"Verificar com o setor") -> FLORIANOPOLIS | F109: SUL
... A176: GR_JUÍZ DE FORA (MG) | B176: GRJDF | C176: JUIZ DE FORA | D176: JDF | E176: =IFERROR(VLOOKUP(Tabela55[[#This Row],[Abrev]],Nucleos!$B$2:$G$199,5,0),"Verificar com o setor") -> JUIZ DE FORA | F176: SPO
A177: JUNDIAI - SP | B177: JDI | C177: JUNDIAÍ | D177: JDI | E177: JUNDIAÍ | F177: SPO
A178: GR_JUNDIAÍ (SP) | B178: GRJDI | C178: JUNDIAÍ | D178: JDI | E178: JUNDIAÍ | F178: SPO
A179: GT_JARAGUÁ DO SUL (SC) | B179: GTJGS | C179: JOINVILLE | D179: JOI | E179: =IFERROR(VLOOKUP(Tabela55[[#This Row],[Abrev]],Nucleos!$B$2:$G$199,5,0),"Verificar com o setor") -> JOINVILLE | F179: SUL
A180: JARAGUA DO SUL - SC | B180: JGS | C180: JOINVILLE | D180: JOI | E180: =IFERROR(VLOOKUP(Tabela55[[#This Row],[Abrev]],Nucleos!$B$2:$G$199,5,0),"Verificar com o setor") -> JOINVILLE | F180: SUL
A181: JOINVILLE - SC | B181: JOI | C181: JOINVILLE | D181: JOI | E181: =IFERROR(VLOOKUP(Tabela55[[#This Row],[Abrev]],Nucleos!$B$2:$G$199,5,0),"Verificar com o setor") -> JOINVILLE | F181: SUL
A182: GT_MAFRA (SC) | B182: GTMFR | C182: JOINVILLE | D182: JOI | E182: =IFERROR(VLOOKUP(Tabela55[[#This Row],[Abrev]],Nucleos!$B$2:$G$199,5,0),"Verificar com o setor") -> JOINVILLE | F182: SUL
A183: GT_MAFRA (SC) | B183: GTMRF | C183: JOINVILLE | D183: JOI | E183: =IFERROR(VLOOKUP(Tabela55[[#This Row],[Abrev]],Nucleos!$B$2:$G$199,5,0),"Verificar com o setor") -> JOINVILLE | F183: SUL
A184: MAFRA - SC | B184: MFR | C184: JOINVILLE | D184: JOI | E184: =IFERROR(VLOOKUP(Tabela55[[#This Row],[Abrev]],Nucleos!$B$2:$G$199,5,0),"Verificar com o setor") -> JOINVILLE | F184: SUL
A185: ENSEADA - SC | B185: ENS | C185: JOINVILLE | D185: JOI | E185: =IFERROR(VLOOKUP(Tabela55[[#This Row],[Abrev]],Nucleos!$B$2:$G$199,5,0),"Verificar com o setor") -> JOINVILLE | F185: SUL
A186: NAVEGANTES - SC | B186: NVG | C186: JOINVILLE | D186: JOI | E186: =IFERROR(VLOOKUP(Tabela55[[#This Row],[Abrev]],Nucleos!$B$2:$G$199,5,0),"Verificar com o setor") -> JOINVILLE | F186: SUL
A187: GT_UBATUBA (SC) | B187: GTUBT | C187: JOINVILLE | D187: JOI | E187: =IFERROR(VLOOKUP(Tabela55[[#This Row],[Abrev]],Nucleos!$B$2:$G$199,5,0),"Verificar com o setor") -> JOINVILLE | F187: SUL
A188: SAO FRANCISCO DO SUL - SC | B188: CMB | C188: JOINVILLE | D188: JOI | E188: =IFERROR(VLOOKUP(Tabela55[[#This Row],[Abrev]],Nucleos!$B$2:$G$199,5,0),"Verificar com o setor") -> JOINVILLE | F188: SUL
A189: ARAQUARI (SC) | B189: ARQ | C189: JOINVILLE | D189: JOI | E189: =IFERROR(VLOOKUP(Tabela55[[#This Row],[Abrev]],Nucleos!$B$2:$G$199,5,0),"Verificar com o setor") -> JOINVILLE | F189: SUL
A190: GR_JOINVILLE (SC) | B190: GRJOI | C190: JOINVILLE | D190: JOI | E190: =IFERROR(VLOOKUP(Tabela55[[#This Row],[Abrev]],Nucleos!$B$2:$G$199,5,0),"Verificar com o setor") -> JOINVILLE | F190: SUL
... A205: ROD_CAÇADOR (SC) | B205: CAC | C205: LAGES | D205: LGS | E205: =IFERROR(VLOOKUP(Tabela55[[#This Row],[Abrev]],Nucleos!$B$2:$G$199,5,0),"Verificar com o setor") -> FLORIANOPOLIS | F205: SUL
A206: APARECIDA - SP | B206: APA | C206: LORENA | D206: LRN | E206: JUIZ DE FORA | F206: SPO
A207: LORENA - SP | B207: LRN | C207: LORENA | D207: LRN | E207: JUIZ DE FORA | F207: SPO
A208: GR_LORENA (SP) | B208: GRLRN | C208: LORENA | D208: LRN | E208: JUIZ DE FORA | F208: SPO
A209: GT_LORENA (SP) | B209: GTLRN | C209: LORENA | D209: LRN | E209: JUIZ DE FORA | F209: SPO
A210: GT_APARECIDA (SP) | B210: GTAPA | C210: LORENA | D210: LRN | E210: JUIZ DE FORA | F210: SPO
A211: GT_TRANSPORTADORA MACABÚ (RJ) | B211: GTMCB | C211: MACAÉ | D211: MAC | E211: =IFERROR(VLOOKUP(Tabela55[[#This Row],[Abrev]],Nucleos!$B$2:$G$199,5,0),"Verificar com o setor") -> MACAE | F211: RIO
A212: CONCEICAO DE MACABU - RJ | B212: MCB | C212: MACAÉ | D212: MAC | E212: =IFERROR(VLOOKUP(Tabela55[[#This Row],[Abrev]],Nucleos!$B$2:$G$199,5,0),"Verificar com o setor") -> MACAE | F212: RIO
A213: MACAE - RJ | B213: MAC | C213: MACAÉ | D213: MAC | E213: =IFERROR(VLOOKUP(Tabela55[[#This Row],[Abrev]],Nucleos!$B$2:$G$199,5,0),"Verificar com o setor") -> MACAE | F213: RIO
A214: GT_QUISSANTUR (RJ) | B214: GTQSS | C214: MACAÉ | D214: MAC | E214: =IFERROR(VLOOKUP(Tabela55[[#This Row],[Abrev]],Nucleos!$B$2:$G$199,5,0),"Verificar com o setor") -> MACAE | F214: RIO
A215: QUISSAMA - RJ | B215: QSS | C215: MACAÉ | D215: MAC | E215: =IFERROR(VLOOKUP(Tabela55[[#This Row],[Abrev]],Nucleos!$B$2:$G$199,5,0),"Verificar com o setor") -> MACAE | F215: RIO
A216: GE_PARQUEAMENTO ZONA ZEN (RJ) | B216: GEZEN | C216: MACAÉ | D216: MAC | E216: =IFERROR(VLOOKUP(Tabela55[[#This Row],[Abrev]],Nucleos!$B$2:$G$199,5,0),"Verificar com o setor") -> MACAE | F216: RIO
A217: GE_RIO DAS OSTRAS (RJ) | B217: GERDO | C217: MACAÉ | D217: MAC | E217: =IFERROR(VLOOKUP(Tabela55[[#This Row],[Abrev]],Nucleos!$B$2:$G$199,5,0),"Verificar com o setor") -> MACAE | F217: RIO
A218: RIO DAS OSTRAS - RJ | B218: RDO | C218: MACAÉ | D218: MAC | E218: =IFERROR(VLOOKUP(Tabela55[[#This Row],[Abrev]],Nucleos!$B$2:$G$199,5,0),"Verificar com o setor") -> MACAE | F218: RIO
A219: BARRA DE SAO JOAO - RJ | B219: BSJ | C219: MACAÉ | D219: MAC | E219: =IFERROR(VLOOKUP(Tabela55[[#This Row],[Abrev]],Nucleos!$B$2:$G$199,5,0),"Verificar com o setor") -> MACAE | F219: RIO
A220: PARQUE DOS TUBOS - RJ | B220: PDT | C220: MACAÉ | D220: MAC | E220: =IFERROR(VLOOKUP(Tabela55[[#This Row],[Abrev]],Nucleos!$B$2:$G$199,5,0),"Verificar com o setor") -> MACAE | F220: RIO
A221: QUEIMADOS - RJ | B221: UDQ | C221: MACAÉ | D221: MAC | E221: =IFERROR(VLOOKUP(Tabela55[[#This Row],[Abrev]],Nucleos!$B$2:$G$199,5,0),"Verificar com o setor") -> MACAE | F221: RIO
A222: SHOPING PLAZA MACAÉ (RJ) | B222: SPM | C222: MACAÉ | D222: MAC | E222: =IFERROR(VLOOKUP(Tabela55[[#This Row],[Abrev]],Nucleos!$B$2:$G$199,5,0),"Verificar com o setor") -> MACAE | F222: RIO
... A234: GR_MARUÍ (RJ) | B234: GRNIT | C234: NITEROI | D234: NIT | E234: =IFERROR(VLOOKUP(Tabela55[[#This Row],[Abrev]],Nucleos!$B$2:$G$199,5,0),"Verificar com o setor") -> MARUI | F234: RIO
A235: AGUAS DA PRATA - SP | B235: AGP | C235: POÇOS DE CALDAS | D235: PCS | E235: SAO PAULO G1 | F235: SPO
A236: GT_2000 TURISMO (MG) [GTPCS] | B236: GTPCS | C236: POÇOS DE CALDAS | D236: PCS | E236: SAO PAULO G1 | F236: SPO
A237: GR_POÇOS DE CALDAS (MG) | B237: GRPCS | C237: POÇOS DE CALDAS | D237: PCS | E237: SAO PAULO G1 | F237: SPO
A238: POCOS DE CALDAS - MG | B238: PCS | C238: POÇOS DE CALDAS | D238: PCS | E238: SAO PAULO G1 | F238: SPO
A239: CNX AGP - SP | B239: AGPX | C239: POÇOS DE CALDAS | D239: PCS | E239: SAO PAULO G1 | F239: SPO
A240: RIBEIRAO PRETO - SP | B240: RAO | C240: RIBEIRÃO | D240: RAO | E240: =IFERROR(VLOOKUP(Tabela55[[#This Row],[Abrev]],Nucleos!$B$2:$G$199,5,0),"Verificar com o setor") -> INTERIOR SP | F240: SPO
A241: SERTÃOZINHO (SP) | B241: SZI | C241: RIBEIRÃO | D241: RAO | E241: =IFERROR(VLOOKUP(Tabela55[[#This Row],[Abrev]],Nucleos!$B$2:$G$199,5,0),"Verificar com o setor") -> INTERIOR SP | F241: SPO
A242: ROD_RIBEIRÃO PRETO (SP) [TREVO GRAAL] | B242: RPG | C242: RIBEIRÃO | D242: RAO | E242: =IFERROR(VLOOKUP(Tabela55[[#This Row],[Abrev]],Nucleos!$B$2:$G$199,5,0),"Verificar com o setor") -> INTERIOR SP | F242: SPO
A243: GR_RIBEIRÃO PRETO (SP) | B243: GRRAO | C243: RIBEIRÃO | D243: RAO | E243: =IFERROR(VLOOKUP(Tabela55[[#This Row],[Abrev]],Nucleos!$B$2:$G$199,5,0),"Verificar com o setor") -> INTERIOR SP | F243: SPO
A244: FB_PRF MIRACATU (SP) [KM 344] | B244: FBMCT | C244: REGISTRO | D244: RGT | E244: SAO PAULO G3 | F244: SPO
A245: PA_GRAAL BUENOS AIRES (SP) | B245: PABUA | C245: REGISTRO | D245: RGT | E245: SAO PAULO G3 | F245: SPO
A246: PA_GRAAL PETROPEN (SP) | B246: PAPTP | C246: REGISTRO | D246: RGT | E246: SAO PAULO G3 | F246: SPO
A247: SAO VICENTE DE PAULA - RJ | B247: SVP | C247: RIO DE JANEIRO | D247: RIO | E247: =IFERROR(VLOOKUP(Tabela55[[#This Row],[Abrev]],Nucleos!$B$2:$G$199,5,0),"Verificar com o setor") -> RIO DE JANEIRO | F247: RIO
A248: GT_TURSAN (RJ) | B248: GTTUR | C248: RIO DE JANEIRO | D248: RIO | E248: =IFERROR(VLOOKUP(Tabela55[[#This Row],[Abrev]],Nucleos!$B$2:$G$199,5,0),"Verificar com o setor") -> RIO DE JANEIRO | F248: RIO
A249: GT_TURSAN (RJ) [AVENIDA BRASIL] | B249: GTSAN | C249: RIO DE JANEIRO | D249: RIO | E249: =IFERROR(VLOOKUP(Tabela55[[#This Row],[Abrev]],Nucleos!$B$2:$G$199,5,0),"Verificar com o setor") -> RIO DE JANEIRO | F249: RIO
A250: GT_VIAÇÃO ESTRELA (RJ) | B250: GTEST | C250: RIO DE JANEIRO | D250: RIO | E250: =IFERROR(VLOOKUP(Tabela55[[#This Row],[Abrev]],Nucleos!$B$2:$G$199,5,0),"Verificar com o setor") -> RIO DE JANEIRO | F250: RIO
A251: GT_POSTO SANTA EDWIDGES (RJ) | B251: GTSTE | C251: RIO DE JANEIRO | D251: RIO | E251: =IFERROR(VLOOKUP(Tabela55[[#This Row],[Abrev]],Nucleos!$B$2:$G$199,5,0),"Verificar com o setor") -> RIO DE JANEIRO | F251: RIO
A252: GT_UTIL CURICICA (RJ) | B252: GTUTC | C252: RIO DE JANEIRO | D252: RIO | E252: =IFERROR(VLOOKUP(Tabela55[[#This Row],[Abrev]],Nucleos!$B$2:$G$199,5,0),"Verificar com o setor") -> RIO DE JANEIRO | F252: RIO
A253: GT_ITAPEMIRIM (RJ) | B253: GTIMR | C253: RIO DE JANEIRO | D253: RIO | E253: =IFERROR(VLOOKUP(Tabela55[[#This Row],[Abrev]],Nucleos!$B$2:$G$199,5,0),"Verificar com o setor") -> RIO DE JANEIRO | F253: RIO
A254: RIO DE JANEIRO (NOVO RIO) - RJ | B254: TNR | C254: RIO DE JANEIRO | D254: RIO | E254: =IFERROR(VLOOKUP(Tabela55[[#This Row],[Abrev]],Nucleos!$B$2:$G$199,5,0),"Verificar com o setor") -> RIO DE JANEIRO | F254: RIO
A255: GR_FIGUEIRA (RJ) | B255: GRFIG | C255: RIO DE JANEIRO | D255: RIO | E255: =IFERROR(VLOOKUP(Tabela55[[#This Row],[Abrev]],Nucleos!$B$2:$G$199,5,0),"Verificar com o setor") -> RIO DE JANEIRO | F255: RIO
A256: NITEROI - RJ | B256: NIT | C256: RIO DE JANEIRO | D256: RIO | E256: =IFERROR(VLOOKUP(Tabela55[[#This Row],[Abrev]],Nucleos!$B$2:$G$199,5,0),"Verificar com o setor") -> RIO DE JANEIRO | F256: RIO
A257: NITEROI - RJ (CONEXAO) | B257: NITX | C257: RIO DE JANEIRO | D257: RIO | E257: =IFERROR(VLOOKUP(Tabela55[[#This Row],[Abrev]],Nucleos!$B$2:$G$199,5,0),"Verificar com o setor") -> RIO DE JANEIRO | F257: RIO
A258: RIO DE JANEIRO (CAMPO GRANDE) - RJ | B258: CPG | C258: RIO DE JANEIRO | D258: RIO | E258: =IFERROR(VLOOKUP(Tabela55[[#This Row],[Abrev]],Nucleos!$B$2:$G$199,5,0),"Verificar com o setor") -> RIO DE JANEIRO | F258: RIO
... A312: PF_PARAÍSO SÃO GONÇALO (RJ) | B312: PFPSG | C312: RIO DE JANEIRO | D312: RIO | E312: =IFERROR(VLOOKUP(Tabela55[[#This Row],[Abrev]],Nucleos!$B$2:$G$199,5,0),"Verificar com o setor") -> RIO DE JANEIRO | F312: RIO
A313: GR_G1 MATRIZ (SP) [45 GRAUS] | B313: GRGR1_45G | C313: SÃO PAULO | D313: SAO | E313: SAO PAULO G1 | F313: SPO
A314: SAO PAULO (TIETE) - SP | B314: TRT | C314: SÃO PAULO | D314: SAO | E314: SAO PAULO G3 | F314: SPO
A315: OSASCO - SP | B315: OSC | C315: SANTOS | D315: SNT | E315: SANTOS | F315: SPO
A316: SAO BERNARDO DO CAMPO - SP | B316: SBC | C316: SANTOS | D316: SNT | E316: SANTOS | F316: SPO
A317: SAO CAETANO DO SUL - SP | B317: SCS | C317: SANTOS | D317: SNT | E317: SANTOS | F317: SPO
A318: SAO PAULO (BARRA FUNDA) - SP | B318: TBF | C318: SÃO PAULO | D318: SAO | E318: SAO PAULO G1 | F318: SPO
A319: SAO PAULO (SHOPPING TAMBORE) - SP | B319: TAM | C319: SÃO PAULO | D319: SAO | E319: SAO PAULO G3 | F319: SPO
A320: S.P - CNX (TIETE) - SP | B320: TRTX | C320: SÃO PAULO | D320: SAO | E320: SAO PAULO G3 | F320: SPO
A321: DIADEMA - SP | B321: DAD | C321: SANTOS | D321: SNT | E321: =IFERROR(VLOOKUP(Tabela55[[#This Row],[Abrev]],Nucleos!$B$2:$G$199,5,0),"Verificar com o setor") -> SANTOS | F321: SPO
...

Sheet Planilha1
A1: PT_CENTRO [LONDRINA] (PR) | B1: Londrina | C1: LDN | D1: Curitiba | E1: Sul
A2: ROD_GUARATUBA (PR) | B2: Curitiba | C2: CTB | D2: Curitiba | E2: Sul
A3: ROD_GASPAR (SC) | B3: Blumenau | C3: BNU | D3: Blumenau | E3: Sul
A4: RESTAURANTE PANORÂMICO (PR) | B4: Guarapuava | C4: GRP | D4: Curitiba | E4: Sul
A5: BETO CARRERO WORLD (SC) | B5: Blumenau | C5: BCW | D5: Blumenau | E5: Sul
A6: SERRA DOURADA [REALEZA] (PR) | B6: Curitiba | C6: CTB | D6: Curitiba | E6: Sul
A7: GRAMADINHO [ITAPETININGA] (SP) | B7: São Paulo | C7: SPO | D7: São Paulo | E7: Sul
A8: ROD_MEDIANEIRA (PR) | B8: Foz do Iguaçu | C8: MDN | D8: Foz do Iguaçu | E8: Sul
A9: PT_CENTRO [ITANHAÉM] (SP) | B9: São Paulo | C9: SPO | D9: São Paulo | E9: Sul
A10: PRF CAMPINA GRANDE DO SUL (PR) [KM 56] | B10: Curitiba | C10: CTB | D10: Curitiba | E10: Sul
A11: RESTAURANTE MONTE CARLO II (PR) | B11: Blumenau | C11: BNU | D11: Blumenau | E11: Sul

Sheet d_Aux_SalesForce
A1: Localidade | B1: Sigla
A2: AGUAS DA PRATA - M. DIVISORIO(SP) | B2: AGP
A3: AGUAS DA PRATA(SP) | B3: AGP
A4: ALCANTARA(RJ) | B4: ALC
A5: APARECIDA(SP) | B5: APA
A6: ARARAQUARA(SP) | B6: AQA
A7: ARARUAMA(RJ) | B7: ARA
A8: ARRAIAL DO CABO(RJ) | B8: ARR
A9: BACAXA(RJ) | B9: BCX
A10: BALNEARIO CAMBORIU(SC) | B10: CMB
A11: BARRA DE SAO JOAO(RJ) | B11: BSJ
A12: BELO HORIZONTE(MG) | B12: BHZ
... A125: SAO PAULO - AEROP. CONGONHAS(SP) | B125: CGH
